CustomerID,FirstName,LastName,Email,Phone,City,Country,JoinDate
1,David,Mosley,sandra28@yahoo.com,+1-669-598-5925x9310,Port Craig,Albania,2023-08-01
2,Steven,Woods,stevenmckay@cox.biz,001-125-519-3010x289,East Debraborough,United States Minor Outlying Islands,2025-03-24
3,Jesus,Carter,abaker@gmail.com,+1-499-560-5729x863,Lake Cindyland,Falkland Islands (Malvinas),2024-12-10
4,Lisa,Cabrera,dustin33@gmail.com,+1-328-837-6542,East Bethton,South Africa,2022-07-11
5,Vanessa,Patel,pauldavis@yahoo.com,+1-088-818-9007x4229,Patrickstad,Kazakhstan,2021-04-11
6,Rickey,Perry,arianawilliams@hotmail.com,(546)172-3088x4531,West Angela,Belarus,2023-09-26
7,Stephen,Underwood,mark10@phillips.com,198.103.4897,South Marvinport,Tuvalu,2022-10-26
8,John,Estrada,beckdaniel@hotmail.com,929-653-6746x43815,Christopherberg,Central African Republic,2021-07-30
9,Jared,Welch,jeffrey31@yahoo.com,001-036-703-2040x454,New Donnabury,Yemen,2021-06-08
10,Katelyn,Spencer,lynn07@yahoo.com,192-793-9205,North Mariahshire,Maldives,2024-11-04
11,Kyle,Boone,amanda92@randolph.com,0192374110,West Justin,Falkland Islands (Malvinas),2023-11-23
12,Michele,Hamilton,bgonzales@yahoo.com,321-582-2298x5969,Brendaburgh,Romania,2020-10-01
13,Michael,Fisher,villabrandon@hotmail.com,041-016-8060,Angelastad,Luxembourg,2022-09-10
14,Christina,Rodriguez,david13@nguyen-gillespie.com,9398814475,Scottchester,Chile,2020-11-30
15,Michael,Ferguson,crystal00@gmail.com,501.635.0449,Port Christopherville,Wallis and Futuna,2022-10-29
16,Kelly,Thomas,rwilliams@rodriguez-delacruz.com,337.332.0194,Port Jonathan,Iraq,2025-03-22
17,Brandon,Hernandez,rrivera@gmail.com,001-528-051-8435,South Johntown,Venezuela,2023-12-21
18,Lindsey,Whitaker,ejackson@hotmail.com,001-563-857-8281x327,Amandaburgh,Sweden,2023-12-13
19,Seth,Peterson,lawrencerojas@guzman.com,+1-415-796-1110,Russellfort,Netherlands Antilles,2022-04-19
20,William,Chandler,gillespierobin@gmail.com,591-799-6264x658,Johnsonmouth,Guinea,2025-06-30
21,Dennis,Perry,wgordon@mitchell.com,5306812018,Doughertyside,Cameroon,2022-02-12
22,Stephanie,Obrien,coxcameron@gmail.com,188-274-2118,South Jeremymouth,Heard Island and McDonald Islands,2025-06-19
23,Jeanette,Weaver,joelhunter@hotmail.com,001-241-847-2825x9449,Adammouth,Andorra,2022-09-18
24,Amanda,King,sheila35@anderson-lucas.com,+1-054-908-9851x2084,Beverlyshire,Uganda,2023-06-22
25,Brandon,Jackson,nicholas53@yahoo.com,1460226862,Brittanyhaven,Marshall Islands,2021-01-21
26,Stephanie,Johnson,melissa47@gmail.com,586-932-1788x63795,Huntberg,Saint Barthelemy,2025-05-07
27,Cole,Green,deborahgibson@yahoo.com,993.482.8231,Yatesburgh,Solomon Islands,2021-02-27
28,Phillip,Campbell,simmonskelly@yahoo.com,1680627879,North Travis,Niue,2025-06-21
29,Brandi,Williams,nicolewilliams@gmail.com,398.784.1710,South Ashley,Gabon,2024-01-10
30,Donald,Johnson,laurieewing@hotmail.com,4365089310,Gravesview,Sierra Leone,2023-11-28
31,Kara,Hancock,tracy40@yahoo.com,489-584-5187,Lucaschester,Uruguay,2022-04-15
32,Pamela,Jackson,heathfaith@gmail.com,593-981-0613x8571,North Timothy,Palau,2022-07-31
33,Chase,Ross,buchanandarren@yahoo.com,584.133.5669,Amyport,Liechtenstein,2023-06-27
34,Katie,Wagner,bensonmichelle@hotmail.com,345-870-5165,Andersontown,Congo,2023-03-22
35,Amy,Osborne,anthonyrivera@gmail.com,(727)408-6099x1675,Port Holly,Montenegro,2023-04-08
36,Brooke,Thomas,michael42@hotmail.com,001-975-800-0714x7178,Scotthaven,Guatemala,2022-04-25
37,Kristin,Hobbs,timothywilliams@yahoo.com,5587079751,West Kristyberg,Korea,2021-01-26
38,Timothy,Scott,joanmacias@gmail.com,0904825894,Adamburgh,Puerto Rico,2024-03-04
39,Thomas,Parker,lthomas@hotmail.com,4273752777,Kellyview,Saint Vincent and the Grenadines,2023-07-06
40,Benjamin,Wilson,osmith@hotmail.com,001-081-443-3932x704,South John,Afghanistan,2025-01-28
41,Penny,Turner,melissamorse@garcia-norton.com,001-516-885-7388,Rachelside,Monaco,2021-12-14
42,Phillip,Hickman,makaylatran@gmail.com,8446995290,Stephenton,Australia,2022-02-03
43,Crystal,Frye,qhurley@townsend-cook.info,476-578-7895x357,Denisechester,Solomon Islands,2021-08-25
44,Paul,Kelley,philipkim@crawford-hess.net,7622771913,Roachshire,Bangladesh,2021-06-09
45,Mary,Kaiser,vmartin@gray-estrada.com,150.772.4925,Stacymouth,Suriname,2021-10-10
46,Christopher,Adkins,lopezsarah@erickson-cooley.info,(646)349-3902,New Lindafurt,Hong Kong,2022-04-09
47,Lynn,Carroll,dustin01@willis-schmitt.com,063-954-0119x799,East Christine,Egypt,2022-07-18
48,Eric,Roy,alexisrogers@bailey.com,+1-643-581-2616x903,Cookfort,Vietnam,2022-08-09
49,Jessica,Martinez,byrdadam@gmail.com,001-514-947-2609x106,Jamesland,Argentina,2024-05-08
50,Brenda,Giles,nathan00@gmail.com,875-465-1891x08681,Ryantown,Tonga,2025-01-03
51,Frank,Smith,craneshannon@rowe-cook.net,248-444-7329x690,South Douglas,Madagascar,2024-07-07
52,Brooke,Phillips,stephenwang@lane-collins.org,094-156-2953x8465,Bryantbury,Sudan,2021-08-08
53,Donald,Russell,csmith@hotmail.com,001-821-247-2176x9149,Georgestad,Libyan Arab Jamahiriya,2023-08-09
54,Emma,Gibson,lmckinney@yahoo.com,581-995-2781x37329,Lake Alexandra,Tunisia,2025-07-11
55,Elizabeth,Johnson,scottbishop@smith-moore.info,983-979-2808x43023,Kathybury,Guadeloupe,2023-11-16
56,Douglas,Thompson,agraham@rodriguez-cox.com,001-317-404-2774x893,Michaelville,New Caledonia,2022-10-09
57,Christopher,French,williamswilliam@guzman.net,627-834-4982,Fishermouth,Palau,2022-11-22
58,Stephanie,Bradley,daniel81@wilson-sanchez.com,+1-225-947-0056x3565,West Tamarastad,Mauritius,2022-10-10
59,Anthony,Nelson,kingisabella@yahoo.com,+1-585-644-6658x91981,Susanton,Yemen,2023-01-14
60,Isaiah,Beard,michelle65@yahoo.com,001-548-412-0503,North Charles,France,2022-04-28
61,John,Frederick,rosemichael@zhang.com,858.671.9464x19004,West Johnshire,Solomon Islands,2023-12-08
62,Robert,Downs,serranoandrew@dixon.net,001-575-967-1043x41343,East Christianton,Haiti,2022-02-03
63,Melanie,Graham,quinndaniel@fleming.info,510-792-6633,Jacobborough,Sudan,2024-09-28
64,Jack,Baker,kellydustin@gmail.com,(398)601-3571x148,West Joanton,Myanmar,2020-11-28
65,Kevin,Frost,bauerbrad@yahoo.com,001-599-388-1067x766,Lunabury,Seychelles,2023-12-14
66,Chelsea,Lamb,taylorjulie@hotmail.com,001-364-054-7478x881,New Jacobfort,Kuwait,2024-12-26
67,Kristina,Valentine,dianawalker@alvarado.com,227-352-7790,East Amberchester,Uzbekistan,2023-02-24
68,Nancy,Hall,jennifer08@alexander.com,+1-986-396-6485,West Lori,Singapore,2022-06-26
69,James,Boyd,michaelgilbert@adams.com,(585)742-7953x63211,South Rhondaville,Bangladesh,2021-05-02
70,Melissa,Williams,egrant@hotmail.com,836-188-0915x765,East Theodoreton,Saint Martin,2022-07-23
71,Adam,Collins,amyhill@martin.com,318-478-5138x3626,North Anna,Venezuela,2024-07-18
72,Traci,Mills,alexander81@grant-booth.com,001-916-983-6835x3689,North Hannah,Switzerland,2022-05-24
73,Amy,Cooper,susansellers@gmail.com,001-222-924-1270x806,Smithborough,Fiji,2024-12-30
74,Ashley,Joseph,john97@king-bryant.com,001-764-282-3996x91118,Lake Robertmouth,Canada,2023-03-20
75,Dorothy,Ruiz,xbarrett@elliott-gilmore.org,387-001-6052x464,South James,Hong Kong,2025-08-21
76,Lauren,Soto,shannonjames@rodgers.com,834-414-9009,Port Samuel,French Guiana,2023-10-14
77,Tracy,Ayala,campbellkelly@patel-carter.biz,(185)366-3332x22695,South Robertside,French Polynesia,2021-05-02
78,Ryan,Sanchez,joywilliams@silva.info,001-733-401-3529,Teresaland,Guinea-Bissau,2022-12-27
79,Ashley,Gray,michellemoore@gmail.com,4125520680,New Stacy,Egypt,2025-06-15
80,Daniel,Cruz,gbutler@glover.org,399.512.5540x23568,Hooverstad,Sudan,2025-03-24
81,Jose,Martinez,yvettegutierrez@brown.com,9749808954,Lake Joseph,Turkmenistan,2023-01-23
82,Michelle,Petty,catherinepeterson@williams.com,005-667-2467,Lake Thomaston,British Virgin Islands,2021-10-05
83,Heather,Richardson,alexanderroberts@sharp.com,(221)997-6176x957,Leonardview,Croatia,2024-04-29
84,Alexandra,Tran,walkersandra@weaver.net,645-784-2111x98101,Lake Jenniferberg,Bosnia and Herzegovina,2021-09-25
85,Justin,Bird,tammy97@hotmail.com,+1-630-911-6600,East Ericburgh,Grenada,2023-04-22
86,Christopher,Jones,christinasmith@bell.net,001-701-849-0690x950,West Andrestad,Cyprus,2024-01-30
87,Thomas,Barrera,jordan90@gmail.com,(913)156-1077x745,Lake Gregoryside,Kuwait,2025-01-13
88,David,Martinez,christopherneal@yahoo.com,(677)044-8532x35329,Walkerside,Macedonia,2023-06-07
89,Bradley,Williams,brittanyparsons@gmail.com,554-831-4227x6135,Gregorystad,Isle of Man,2024-11-19
90,Caitlin,Bass,edwardsmelissa@phillips.com,001-627-040-0238,New Zachary,Liberia,2022-03-21
91,Rhonda,Smith,jhoffman@gmail.com,696-822-5067x091,New Christopherburgh,Croatia,2024-07-05
92,Courtney,Krause,walterkevin@vasquez.com,+1-346-785-1588x129,East Hannah,Grenada,2023-10-09
93,Julie,Collins,beverlyscott@gmail.com,982-201-6829x888,Dennisburgh,Afghanistan,2025-04-18
94,Craig,Morgan,nicole87@fritz-wilkinson.com,001-988-892-1848x48052,Christophermouth,Iceland,2021-09-01
95,Joseph,Sawyer,lawrencedevin@hotmail.com,(544)766-5431x58001,South Joy,Azerbaijan,2022-12-05
96,John,Kelly,wendycurry@gutierrez.com,147-721-8480x07573,Mckayberg,Guinea-Bissau,2024-03-21
97,James,Bishop,emily59@gilbert.info,001-229-334-2152x7724,New Sabrina,Venezuela,2021-10-19
98,Adrienne,Young,lbrown@yahoo.com,156-625-1129,Lake Jenniferland,Norway,2022-12-04
99,Joshua,Larson,gravesjulia@hotmail.com,4687312568,Thomasmouth,Zambia,2021-08-28
100,Robin,Gordon,thayes@patterson.com,381.969.5524x262,New Robert,India,2021-11-30
101,Seth,Gordon,douglaslam@yahoo.com,(864)320-3854,West Amyburgh,Netherlands,2023-02-16
102,Michelle,Parker,nthompson@hensley.net,128.680.4345,Coryfort,Honduras,2023-01-20
103,Kelly,Yates,jennifermorgan@sheppard-ortiz.com,+1-414-266-8444x29976,Cindyport,Jamaica,2022-07-18
104,Amy,Smith,martindavid@yahoo.com,280.422.6658x2350,South Alan,Saint Vincent and the Grenadines,2021-07-28
105,Donald,Walsh,michael87@blake.biz,+1-226-149-7090x953,Ricechester,Kenya,2023-10-23
106,Charles,Brown,jane56@wright-jackson.com,+1-369-754-5798x4090,Port Rachel,Togo,2021-03-07
107,Jennifer,Lee,christinaferrell@martinez-castro.biz,+1-368-868-0729x6964,Maryland,Montserrat,2022-05-17
108,Rebecca,Nguyen,william24@henderson.com,(534)175-0794x6082,North Patricia,Papua New Guinea,2024-06-29
109,Joel,Meyer,tharmon@yahoo.com,+1-550-267-0839x55149,Franciscoland,Honduras,2024-09-26
110,Barbara,Thompson,uthomas@hotmail.com,164-794-9522x3196,Danielstad,Jamaica,2024-11-10
111,Linda,Rivera,trussell@gmail.com,001-937-358-9140x11133,North John,Aruba,2021-03-24
112,Carol,Williams,ojackson@clark.com,087.866.5255,New Lanceport,Tajikistan,2023-03-07
113,Bianca,Rodriguez,nlindsey@yahoo.com,778.747.5190,Shafferburgh,Turkmenistan,2023-07-31
114,Tiffany,House,reyespeggy@murillo.com,129.823.6896,Catherinemouth,Slovakia (Slovak Republic),2021-03-24
115,Troy,Ibarra,douglas74@gross.com,959-388-0429x825,Lake Taylorhaven,Turkey,2025-07-02
116,Seth,Simmons,kgomez@henderson.biz,001-775-176-4040,New Kelly,French Guiana,2024-09-19
117,Lauren,Zamora,andrew22@hansen.info,488.186.4321x1282,Sheltonville,Mongolia,2020-09-21
118,Ian,Moreno,terriayers@yahoo.com,001-622-238-8063,Port Laurenville,Bhutan,2023-11-25
119,Robert,Henderson,rphelps@gmail.com,(500)357-4992x1223,West Amandatown,Guernsey,2023-05-03
120,Paul,Thomas,fpatterson@phillips.com,(283)145-2575x2295,South Michael,Myanmar,2025-01-05
121,Patrick,Hart,emily23@coffey.net,092-157-6682x759,East Jennifermouth,Congo,2022-06-23
122,David,Anderson,brandonking@gmail.com,099-897-8275,South Matthew,Malawi,2022-01-25
123,Kelly,Baker,crawfordjulia@hotmail.com,141-197-2172x8225,Elizabethport,Gibraltar,2021-11-03
124,Kristine,Brown,manuelkaufman@armstrong.com,268-131-8425x81624,Meyerston,Monaco,2021-07-13
125,Daniel,Barrett,timothywest@sharp-henry.com,+1-492-300-2233,East Kelly,Tokelau,2022-10-04
126,Amber,Randolph,hmendoza@hotmail.com,455-847-3890,Henryport,Burundi,2024-02-15
127,Beverly,Reyes,agraham@yahoo.com,222-374-9505x990,West Rodneytown,Saint Barthelemy,2023-01-26
128,David,Leblanc,jasminegutierrez@hotmail.com,348-698-1686,New James,Trinidad and Tobago,2022-08-11
129,Lance,Peterson,padillanicole@wilson-burnett.info,245-085-5025,Lake Bryan,Mali,2021-11-16
130,James,Case,parkelizabeth@cross.com,573.002.2501,North Michael,Austria,2023-08-28
131,James,Hayes,leslie11@hernandez.com,+1-325-262-1992,Stantonfort,Cape Verde,2024-10-31
132,Joseph,Medina,schmidtsylvia@hotmail.com,(305)311-5520,Michaelbury,Chad,2021-07-15
133,Derrick,Rodriguez,amandanichols@chambers-moreno.com,(931)884-0549x01775,East Kimberly,Pitcairn Islands,2021-10-20
134,Matthew,Johns,danielguerrero@hill-cortez.com,(908)071-6985x0855,Erictown,French Southern Territories,2021-04-21
135,Damon,Ray,clayton14@gmail.com,001-844-328-6272x93217,West Robert,Italy,2020-10-31
136,Allison,Orozco,qhudson@yahoo.com,001-021-769-9018,Lisashire,Chad,2024-07-05
137,Daniel,Marshall,david16@massey.com,(942)429-6225,Lake Michael,Iceland,2025-08-16
138,Jenny,Turner,gardnerjessica@yahoo.com,(699)807-6187,Powellchester,Niue,2022-10-28
139,Lisa,Fowler,carrjeremy@powers.com,268-995-7047x43651,Marymouth,Turkmenistan,2022-07-01
140,Alison,Dawson,timothychristensen@hotmail.com,(743)419-5694x022,Kennethhaven,New Caledonia,2021-03-18
141,Andrew,Bolton,jamesdavis@yahoo.com,1306142749,Leonbury,Burkina Faso,2022-09-14
142,Nancy,Rivera,yrichardson@hotmail.com,001-587-632-5456x50965,Lake Joshuachester,Yemen,2021-09-05
143,Gina,Stout,matthew03@flores-bautista.com,+1-059-478-0608x42257,New Tracyborough,Lebanon,2022-10-16
144,Lisa,Mitchell,rachael51@frederick.com,+1-660-637-9615x9586,Port Gabrielle,Cook Islands,2021-11-06
145,Tracy,Patel,andrewalker@burton.net,887.526.3856x250,Port Kaylaview,Saint Pierre and Miquelon,2020-09-03
146,Jeffery,Herman,glenncline@russell-edwards.info,780.118.1195x529,Lisaburgh,India,2024-02-09
147,Daniel,Cobb,melanie55@sanchez.biz,(134)898-9371x6089,West Kathrynshire,Honduras,2024-07-16
148,Wendy,Irwin,kathymyers@gmail.com,588.384.4132x07218,South Jenna,Cote d'Ivoire,2025-06-27
149,Brittney,Wong,wellschristina@yahoo.com,(166)136-6406x62735,Wrightfort,Solomon Islands,2020-11-08
150,Ryan,Garcia,anthony60@wheeler.org,494.903.4183x386,Tylerport,Japan,2023-10-26
151,Jason,Jennings,sharpsarah@scott-walters.org,611.073.8799x4330,East Kristafurt,Liberia,2020-11-14
152,Michelle,Carter,joshuagreen@gmail.com,063.734.2710,Lake Dawnshire,Azerbaijan,2022-10-23
153,William,Jackson,ojames@hotmail.com,(097)252-5091x61985,North Kenneth,Comoros,2022-09-07
154,Kimberly,Young,jesse03@massey.com,693.147.7686,Port Angela,Guatemala,2025-03-21
155,Eric,Conway,hornecourtney@gmail.com,001-673-771-2182,Leslietown,Guadeloupe,2023-05-03
156,Gabriel,Edwards,lperez@cantu-lane.com,822-240-4397x04119,Johnsonport,Latvia,2022-10-25
157,Jessica,Kramer,randallbanks@velasquez.com,001-232-909-4919x13759,Angelamouth,Djibouti,2021-10-16
158,Curtis,Weiss,aprilmartin@brock.com,+1-990-178-1127x71463,West Antonioton,Russian Federation,2021-07-06
159,Jean,Schmidt,ellen05@hotmail.com,469.102.0520,Masseyberg,Seychelles,2024-09-29
160,Chad,Baker,richardmichelle@arnold-simon.com,146.984.1206x0188,Carlsonfort,Sao Tome and Principe,2022-12-04
161,John,Reynolds,whitneyhawkins@juarez.biz,(451)469-3085x789,Colemanberg,British Indian Ocean Territory (Chagos Archipelago),2025-09-01
162,Dana,Butler,kbrown@rangel.com,+1-425-076-5922x92140,Elizabethside,Andorra,2024-05-07
163,Nathan,Roberts,joshuaherring@gmail.com,(475)315-1771,Kingland,Fiji,2021-12-30
164,Timothy,Travis,colleen27@hill.com,916.020.1514x112,Teresashire,Syrian Arab Republic,2024-01-07
165,Gina,Brown,melissaschmidt@baker.biz,(182)544-1047x8968,New Garyview,Cook Islands,2022-07-03
166,Amanda,Hughes,katelynwalker@benton-dorsey.biz,(678)496-0773x3794,South Bryan,Puerto Rico,2025-06-03
167,Erin,Brown,lisa75@yahoo.com,(687)539-1770x2128,Mayerberg,Morocco,2021-02-26
168,Michael,Buck,john86@gmail.com,769-698-9108x585,Port Kristinfurt,Vanuatu,2023-04-26
169,Amy,Phelps,timothy36@hotmail.com,001-057-960-6581x69532,South Amandaville,Saudi Arabia,2021-07-23
170,Russell,Dixon,kellycarpenter@hurst.net,+1-241-775-2017,Fletcherland,Belarus,2021-01-24
171,Brian,Carpenter,robin69@gmail.com,131-744-1677,New Christopherburgh,Bolivia,2022-01-04
172,Erika,Terry,omacdonald@hotmail.com,478-245-9008,Kimberlyfort,Dominican Republic,2025-07-01
173,Marissa,Garcia,williamburns@howard-miller.biz,(897)198-9781x6398,Jessicaview,Bosnia and Herzegovina,2024-02-19
174,Theresa,Pierce,laura49@gmail.com,811-925-3735,Markside,Guinea-Bissau,2025-06-20
175,Erica,Woods,lisa60@mccoy.net,4223194278,North Michaelville,Korea,2023-08-10
176,Robert,Campbell,dgarcia@gmail.com,(503)872-0383x3873,Gregoryside,Switzerland,2022-10-27
177,Jennifer,Simpson,megan49@yahoo.com,284.261.4334x11368,Smithbury,Zimbabwe,2025-02-07
178,Dustin,Weber,shane54@yahoo.com,088.428.1817,Frankfurt,British Indian Ocean Territory (Chagos Archipelago),2025-07-11
179,Alexandra,Davis,nixondanielle@hotmail.com,001-832-161-1281,Haileyfort,Algeria,2023-04-09
180,Michael,Reed,kelleygarrett@yahoo.com,001-889-005-9347,South Jamesland,Latvia,2021-10-28
181,Patrick,Hurley,peterscheryl@hotmail.com,(315)147-4690x949,South Mallorymouth,Cote d'Ivoire,2024-05-26
182,Jill,Wells,charleshanson@jimenez-jones.biz,230-611-9090x170,Gallegosmouth,Slovenia,2022-09-26
183,Nicole,Chavez,cvalentine@ford-wilson.com,+1-494-132-5758x02517,West Laurenland,Armenia,2025-08-12
184,Heather,Patterson,feliciamoore@gmail.com,234-852-4169x856,Jamiestad,Russian Federation,2024-01-14
185,Carol,Ryan,whitneyevans@wilkins.com,001-398-874-2443x189,New Kelly,Iran,2021-09-11
186,Tanner,Martin,jeremy07@hotmail.com,+1-634-179-6770x88914,Francismouth,Kazakhstan,2023-05-30
187,John,Newman,cooperashley@gould.com,068.161.0017,Lake Martinland,China,2024-07-18
188,Alexandra,Houston,davissamantha@alexander.com,(344)557-3328x65879,Crawfordberg,Fiji,2024-02-04
189,Sarah,Gallagher,melindagordon@hotmail.com,757-204-4234x96431,Lake John,Solomon Islands,2023-07-24
190,Mary,Novak,walter93@padilla-cook.com,8225318770,Parksburgh,Trinidad and Tobago,2020-09-02
191,Erik,Booth,smithharold@baker-moran.info,807-586-3953,Parkerport,South Africa,2021-04-12
192,Maria,Sloan,tammy84@jennings.org,742.864.2365x6769,Mirandaburgh,United Kingdom,2024-07-25
193,Paul,Baker,kristinluna@yahoo.com,+1-340-908-6392x564,North Calvinfort,Turkey,2024-01-01
194,Daniel,Roberts,matthew50@johnson-roberts.com,+1-036-152-4105x5389,Campbellmouth,Jamaica,2023-02-25
195,Carolyn,Payne,kyliemartin@cardenas-edwards.com,432.391.2892,South Anna,Zambia,2021-11-20
196,Yvonne,Norman,pallen@gmail.com,001-487-526-5410x1366,Port Donfurt,Isle of Man,2023-08-10
197,Victoria,Lee,kimberly29@gmail.com,174.856.7455x9532,East Courtney,Argentina,2021-12-21
198,Jennifer,Zimmerman,gcole@gmail.com,825-746-3124,New Aaron,Papua New Guinea,2025-05-04
199,Mark,Jones,kara75@gmail.com,4215754391,Lake Nicoleton,French Polynesia,2023-02-13
200,Courtney,Watson,stephen43@mitchell.com,001-897-030-0708x8390,New Howardstad,Mali,2023-03-14
201,Matthew,Aguilar,julie35@hotmail.com,+1-450-656-4332x2756,Troyside,Honduras,2021-07-03
202,Bailey,Lee,flemingamanda@yahoo.com,(203)856-6603x35749,Port Makaylaborough,Iran,2021-04-21
203,Kelly,Baker,jacquelinesmith@alvarado.com,+1-093-529-0594,Port Lonnie,Anguilla,2022-07-25
204,Anthony,Smith,scottryan@burgess-ford.com,154-466-7355x6389,East Edwardhaven,Croatia,2022-12-27
205,Kyle,Johnson,rdiaz@gmail.com,(189)151-7316x194,Thorntonfort,Montserrat,2020-11-28
206,Erik,Ortiz,kimberly58@yahoo.com,(695)236-7045x345,New William,Denmark,2024-03-24
207,Gary,Cameron,william35@hotmail.com,254.623.9896x50438,Port Williambury,San Marino,2025-05-21
208,Ann,Hernandez,hbautista@gmail.com,(856)599-9794,Williamsville,Uganda,2025-01-12
209,Darlene,Le,penningtonstephanie@haley.biz,001-702-189-0518,Martinview,Gabon,2020-11-14
210,Jorge,Hendricks,hansondominique@hotmail.com,(484)209-6265,Christopherburgh,Guinea,2023-09-26
211,Megan,Juarez,michaelmacdonald@hicks.com,(060)352-3879,Hamptonhaven,Isle of Man,2021-11-29
212,Lisa,Barber,fmurphy@hotmail.com,+1-514-769-0444x54987,East Patrickbury,Monaco,2025-01-08
213,Sharon,Davis,alexandra50@yahoo.com,+1-645-513-3727,Joseborough,Comoros,2023-06-08
214,Michael,Chen,halemaria@rojas.com,831-387-1482,Lake Karenburgh,Comoros,2025-07-27
215,Cynthia,Clements,chris70@gmail.com,657-937-4691x83500,Antonioport,Luxembourg,2021-08-24
216,Scott,Gonzalez,wrightmary@gmail.com,297-965-1146x31046,Kentburgh,Christmas Island,2021-11-09
217,Michelle,Crawford,traceyclay@yahoo.com,001-098-850-3280x393,Harmonfort,Isle of Man,2024-12-27
218,Timothy,Fitzgerald,jgardner@phillips-mendoza.info,(105)673-3233x651,Port Tammytown,Saint Lucia,2023-10-19
219,Beth,Peters,ubautista@ford.biz,729-766-3871x0108,New Shanetown,Fiji,2023-05-17
220,Troy,Adams,jonesjessica@yahoo.com,(373)284-3322x147,Margaretborough,Monaco,2024-12-06
221,Patrick,Castro,suttonjason@hotmail.com,(821)460-6670,Lake Tina,Djibouti,2021-12-28
222,Caitlin,Allen,nicholascole@maxwell.com,+1-085-084-9025,Kathystad,Benin,2023-07-10
223,Evan,Williams,matthew01@gmail.com,599.276.1011x3734,East Kathryn,Tokelau,2023-08-18
224,Bradley,Henderson,brent56@gmail.com,(211)835-0793,East Michele,Jersey,2024-07-07
225,Dennis,Barker,hscott@hotmail.com,599.486.6186x79812,West Martin,Vanuatu,2023-08-21
226,Brenda,Bentley,pamelaayala@rangel.net,979-220-9460x016,Shawnview,Reunion,2025-01-02
227,Derrick,Mclaughlin,virginiasmith@gmail.com,001-841-676-5946x75844,Floydland,Niger,2024-08-30
228,Zachary,Kane,carol03@williams.net,755-332-0826x071,North Jasminefurt,Puerto Rico,2022-04-01
229,Walter,Hall,stephen81@morgan.com,(342)453-7661x1699,Douglasbury,Nauru,2024-09-16
230,Brian,Bean,heather38@gomez.com,971.935.5744,Cindyville,Austria,2024-08-01
231,Ruben,Harrison,adamhoffman@hughes-wagner.biz,165.127.4842,Thomasbury,Suriname,2021-05-21
232,Ashley,Sweeney,david37@roberts.com,+1-494-400-9825x7963,Contrerasmouth,Netherlands,2023-04-10
233,Jeffrey,Horton,michaeljesse@hotmail.com,901.181.5909x884,Martinezmouth,Lebanon,2025-06-23
234,Marissa,Carson,heatherdavis@yahoo.com,+1-168-463-6293,Lake Amy,Niger,2023-03-16
235,Jonathan,Paul,smithkevin@yahoo.com,+1-074-558-4362x72043,Lake Savannah,French Guiana,2021-05-28
236,Jeffrey,Clark,sarah76@scott.com,(094)476-1601x06838,Port Justin,New Caledonia,2020-12-26
237,Lacey,Hill,wward@nielsen.com,783-338-1713,Port Kyleport,Congo,2020-12-17
238,Jasmin,Roberts,hcarr@hotmail.com,(200)977-8069x715,Allenmouth,Oman,2023-12-23
239,Phillip,Bailey,matthew22@guzman.net,001-351-027-3348,Matthewborough,Puerto Rico,2021-08-25
240,Jeffery,Roberts,laurie33@yahoo.com,8746957720,West Deannaside,Belgium,2023-01-11
241,Summer,Frost,xjohnson@myers-robinson.biz,136.568.5545,Bonniefort,Italy,2024-12-07
242,Ronald,Dixon,amber61@hernandez.com,001-513-919-1734,West Donaldville,Lesotho,2024-08-03
243,George,Rodriguez,melvin92@rose.org,875.623.9916,Port Donald,Cameroon,2025-01-14
244,Joseph,Gonzales,eric04@hamilton-williams.org,+1-172-694-4756,West Josephborough,Morocco,2020-11-03
245,Michael,Hill,rachellong@gmail.com,(112)700-4962x418,East Jeffrey,Vietnam,2020-11-24
246,Andrea,Walker,kaylashepherd@hotmail.com,327.655.5648x43694,Lake Scott,Malaysia,2022-02-09
247,Evan,Franco,annetteavila@yahoo.com,0831031542,Laurenberg,Iran,2022-09-14
248,Eric,Bryant,cruzrachel@jones-marsh.org,141.572.0758,Cortezmouth,Cayman Islands,2024-03-12
249,Kristin,Anderson,clinton12@ryan.org,748-647-4682x9572,West James,Falkland Islands (Malvinas),2020-09-14
250,Travis,Taylor,nathan42@taylor.com,677.870.0324x99383,Hubbardberg,Cocos (Keeling) Islands,2020-12-16
251,Vanessa,Jones,amy02@gutierrez.com,+1-128-602-0511x96437,Amandaborough,Djibouti,2024-04-20
252,Robert,Barnes,williamsmarco@gmail.com,603.537.6222,Kirbyhaven,Dominican Republic,2020-11-07
253,Robert,Bowen,kennethgates@hamilton-allen.com,(381)874-6159,East Daniel,Uzbekistan,2023-07-10
254,Robert,Garrett,hwagner@yahoo.com,029.629.0567x150,North Ericaville,France,2025-07-09
255,William,Choi,robert20@yahoo.com,001-853-847-2751,Port Deborah,Latvia,2020-10-08
256,Heather,Ellis,kellyalan@hughes.net,001-276-314-4396x979,Port Mollymouth,Aruba,2022-07-02
257,Rachel,Stevenson,amanda48@dickerson.biz,001-615-001-5051x6672,Timothyfurt,Palau,2023-03-16
258,Michele,Schaefer,gloverbrandon@hotmail.com,2742576811,South Kaitlynland,Hungary,2023-01-13
259,Natalie,Terrell,susan03@gonzales.info,001-101-630-5886,West Christopher,Samoa,2022-07-20
260,Louis,Jones,jacqueline60@gmail.com,729.565.9735x019,New Jessica,Congo,2021-01-29
261,Lynn,Marquez,perkinschristina@davis-jones.info,961.958.2497x9457,Vincentchester,Palestinian Territory,2021-02-17
262,Troy,Anderson,wanda98@gmail.com,+1-943-121-2870x71254,Christopherchester,Iran,2020-10-11
263,Manuel,Wilson,courtney22@yahoo.com,631-976-3170x8347,Millerchester,Hong Kong,2025-08-10
264,Kenneth,Thompson,scabrera@harvey-beard.net,+1-663-237-2791x056,East John,Nicaragua,2025-03-16
265,Jerome,Simpson,wrussell@dominguez.net,620.822.6197,East Christina,Albania,2022-04-20
266,Amanda,Jones,jacobkelly@yahoo.com,283-396-7100,Johnsonberg,British Virgin Islands,2021-05-11
267,Joseph,Delgado,rperez@hotmail.com,+1-066-599-9978x482,Johnsonton,Iraq,2024-11-20
268,Karen,Rodriguez,melvinkennedy@wilson.org,(501)164-6804x912,North Terri,Brazil,2021-01-23
269,Tara,Brooks,timothy85@yahoo.com,+1-939-040-8423,Port Wesley,South Georgia and the South Sandwich Islands,2020-09-14
270,Jennifer,Sanchez,natalie25@jones-perez.com,569-967-1396x2289,Andrewside,Iraq,2023-10-15
271,Allison,Torres,ybryant@robinson.info,+1-565-284-1874x3241,Longfort,Cuba,2024-09-08
272,Matthew,Brown,jmoran@gmail.com,001-457-184-5553,New Davidhaven,Serbia,2024-12-28
273,Charles,Hill,bpatrick@mitchell-johnson.biz,(185)202-5889x6529,Allenstad,French Guiana,2021-01-21
274,Edward,Villarreal,trevor70@green-lee.com,627-277-2837,East Sarahshire,Estonia,2022-04-26
275,Diane,Oneal,vwalker@yahoo.com,(146)002-8069,Margaretbury,Belgium,2025-06-04
276,David,Clarke,connie99@hotmail.com,+1-605-367-0422,Priceburgh,Bhutan,2022-02-02
277,Thomas,Davis,april90@yahoo.com,+1-083-401-0134,Davidfort,Denmark,2022-02-12
278,Christopher,Walton,lgilmore@smith.biz,580.305.7049,Wrightville,Nigeria,2021-01-12
279,Faith,Hill,whitetimothy@gmail.com,+1-332-983-0489x95733,Rodriguezburgh,Holy See (Vatican City State),2021-07-17
280,Dennis,Goodman,harrispatricia@williams.org,975-111-7268x32877,South Mariaview,Philippines,2024-08-05
281,Alexander,Rose,pjones@hotmail.com,094.493.8499,Port Erictown,Niue,2022-04-13
282,Lauren,Wiggins,alitaylor@douglas.com,844-394-5832x163,Mauricemouth,Mauritania,2024-02-21
283,Bryan,Wright,ronaldkelly@smith-smith.net,772.934.7689x2788,South Robert,Brazil,2022-05-15
284,Billy,Harris,charleswilliams@smith.com,001-800-430-9493x2170,Port Vernon,Gabon,2023-12-30
285,Morgan,Clements,jacobhooper@fitzgerald-houston.net,001-639-887-7709,Crawfordview,Armenia,2025-07-15
286,Yesenia,Thomas,qthompson@taylor.com,567-677-6347x2546,Port Randyton,Lesotho,2023-06-02
287,Rachel,Ortiz,smithchristina@hotmail.com,001-292-605-3132,East Ralph,United States of America,2024-06-15
288,Shawn,Williams,scottisaiah@caldwell.info,475.467.1998,Ryanmouth,Peru,2020-11-27
289,Shelby,Reynolds,veronicabrown@romero.com,809.657.5222,New Justinside,Panama,2025-07-15
290,Calvin,Ross,lesterkimberly@hotmail.com,+1-807-455-5528x773,Richardside,French Guiana,2023-01-10
291,Joel,Zamora,alicia79@hill.biz,+1-706-731-3802,Graceland,Austria,2023-09-21
292,Lori,Ellis,danielle00@smith-espinoza.net,001-499-244-7299x003,New Katherineville,Georgia,2023-10-09
293,Richard,Barrera,ajordan@hotmail.com,(682)820-0279x7843,Colefurt,Somalia,2022-06-02
294,Carlos,Webster,tevans@yahoo.com,+1-235-419-8660x5137,Lake Jeffrey,Netherlands Antilles,2023-03-19
295,Larry,Moyer,parkerjamie@boyd.net,(955)790-7532x3863,Marychester,Iraq,2022-03-24
296,Matthew,Hall,woodwardkevin@hotmail.com,001-610-045-8320x691,Latashamouth,Niue,2022-01-13
297,Samantha,Hernandez,rheath@yahoo.com,(907)952-2998x14657,Port James,Uruguay,2021-11-27
298,Julia,Cooper,serranojesse@gmail.com,+1-065-895-0373x73377,Port Mariafurt,Saint Barthelemy,2024-12-15
299,Christopher,Sanders,garrettcharles@sullivan-jennings.com,001-183-353-4699x769,New Jessicaland,Azerbaijan,2023-03-24
300,Kevin,Russell,david05@hotmail.com,(008)159-5713x0744,New Tracy,Congo,2022-09-27
301,Christopher,Fox,kathleen85@gmail.com,036.794.8277,Danielleport,Lebanon,2022-10-15
302,Luis,Newton,ashley86@phillips.info,001-153-739-1806x4905,Wagnerton,Zimbabwe,2023-03-10
303,Angela,Smith,tonyaadams@yahoo.com,202.870.6083x2424,East Christina,Togo,2023-09-08
304,Andrew,Avila,nhansen@yahoo.com,4637725382,Fosterton,Gabon,2023-07-03
305,Chelsey,Martinez,alexandra15@vargas-lawson.com,001-873-666-1440x28153,Bentleyview,Colombia,2023-01-03
306,Austin,Johnson,zwade@gmail.com,001-578-313-5011x668,West Dennis,Germany,2025-07-01
307,Phillip,Torres,margarethines@leon.com,(100)050-8199x070,South Debra,Finland,2025-05-10
308,Justin,Cole,aroberts@hotmail.com,(493)516-9275,Davidberg,Norfolk Island,2022-11-01
309,Edwin,Brown,stephen28@hunt.com,(953)344-2191x1966,North Jamesport,Azerbaijan,2023-06-04
310,Cynthia,Miller,munozmaria@yahoo.com,336.943.0149x51520,South Amy,Antigua and Barbuda,2023-01-02
311,Phyllis,Wood,kiarajones@yahoo.com,(825)641-1289,Thomasfort,Bangladesh,2024-07-17
312,Courtney,Wilson,michaelbell@gmail.com,320-186-2768x23465,Port Davidland,Turkmenistan,2024-08-06
313,Kristin,Odonnell,jorge76@cox-wallace.com,001-045-489-6677x176,Strongmouth,Heard Island and McDonald Islands,2024-05-25
314,Vickie,Murray,jcampbell@yahoo.com,4178281285,Port Craig,Iran,2021-10-17
315,Brandon,Castillo,justin14@hotmail.com,001-264-358-9151x024,Kristinatown,Gibraltar,2024-08-29
316,Shannon,Rodriguez,jamesgallagher@mathews-nelson.com,(542)932-3308x63002,Lake Teresaton,Spain,2024-02-10
317,Mary,Wallace,moralesmarc@underwood-young.com,+1-865-257-2582x720,Davidfort,Belize,2023-06-11
318,Stephanie,Williams,lfoster@hotmail.com,(204)335-0242,Chrisshire,Comoros,2022-03-31
319,Timothy,Chang,dale27@hill.com,001-258-291-7223x18338,Leeport,United Kingdom,2025-03-15
320,Ashley,Thompson,andradetina@simon.org,813.275.6707,East Emily,Costa Rica,2023-01-11
321,Stephen,Lewis,brianmorrow@doyle.com,001-944-416-1864,West Kerry,Brazil,2022-11-18
322,Toni,Riddle,hawkinsanthony@yahoo.com,+1-422-704-9729x8048,South William,Mali,2021-01-15
323,Calvin,Crawford,nicholaslarsen@williams.com,504-077-5355,West Melissa,Zimbabwe,2020-10-03
324,Melissa,Huynh,deborahoconnor@hotmail.com,066-578-1547x9740,Lake Tina,Bahamas,2022-02-10
325,Ashley,Gross,gabrielsolis@gmail.com,(635)131-4003,Lambertbury,Mexico,2022-08-11
326,Janice,Leonard,jasminekrueger@yahoo.com,(157)665-1065x34234,North Calebstad,Saint Vincent and the Grenadines,2025-06-01
327,Todd,Elliott,ohoward@cobb.biz,001-958-610-7500x3099,Gomezberg,Gabon,2024-10-09
328,Daryl,Calderon,christopherthomas@hotmail.com,+1-847-385-6971x353,Boydfurt,Belize,2023-11-05
329,Melissa,Perez,carolmitchell@yahoo.com,001-015-410-9466,Nicolasborough,Svalbard & Jan Mayen Islands,2022-01-04
330,Jesse,Flores,torrestyler@newman.com,(041)901-6166x7595,Lake Michael,Andorra,2021-05-27
331,Melissa,Evans,jmullen@yahoo.com,129-626-9457,Adamsville,Tuvalu,2021-04-17
332,Jason,Cuevas,gdurham@rodriguez.net,0726632129,New Savannahfort,French Guiana,2023-09-09
333,Grace,Moore,caroline53@yahoo.com,822-991-1844x2513,Lopezfort,Malta,2023-03-25
334,Jacqueline,Horton,matthewskaren@yahoo.com,087-919-9704,Billville,Nicaragua,2020-10-27
335,Brian,Kelley,bhiggins@morales-taylor.org,464-568-5337x3570,New Jerryhaven,Cambodia,2024-05-01
336,Gregory,Smith,debbielopez@adams-fisher.biz,(278)709-7387,Crystalside,Serbia,2022-12-05
337,Brooke,Brooks,christopher98@fisher.com,(994)586-1303x79415,Benjaminton,South Africa,2022-01-09
338,Amanda,Lee,holdenadam@gmail.com,017.972.9424x7123,Gilmoreport,Central African Republic,2025-07-01
339,Jeremy,Cherry,karen65@hotmail.com,276.986.9213x986,Charleston,Reunion,2024-11-14
340,Dawn,Cooper,sherriroy@parker.com,+1-191-231-6652x2987,West Seanmouth,French Guiana,2025-04-29
341,Pamela,Murray,zreynolds@bullock.com,(831)978-2383x423,South Susanstad,Sri Lanka,2022-11-13
342,Jaclyn,Farrell,gary50@gmail.com,0051777106,Port Mary,Grenada,2024-08-06
343,Kevin,Hines,walter00@copeland.org,+1-096-340-8343x654,South James,Turks and Caicos Islands,2024-01-14
344,Robert,White,ltucker@andrews.com,278.823.0309,Leahton,Namibia,2024-05-22
345,Nicholas,Russell,mtaylor@hotmail.com,(980)807-6271,Christianside,Lebanon,2021-09-03
346,James,Cobb,rosechristopher@marshall-wilkins.net,514.764.9018x021,Kristinafort,Croatia,2024-09-30
347,Steven,Hanson,allenmichael@friedman.com,+1-917-192-6601x328,Kimberlyside,Dominican Republic,2024-07-25
348,Nathan,Gomez,kramerdonald@kent.net,+1-058-607-6481x918,Port Josephmouth,Kyrgyz Republic,2021-09-18
349,William,Horne,sarah02@hotmail.com,500-417-6968,Valeriemouth,Guernsey,2021-01-19
350,David,Rubio,jessica07@gmail.com,7074013399,Richardsonport,Saint Lucia,2024-11-10
351,Kristen,Alvarado,jgardner@diaz.biz,(074)081-1005x22668,North Brianville,Heard Island and McDonald Islands,2021-01-25
352,Rachel,Nixon,dadams@yahoo.com,(328)775-4550x25414,Justinhaven,Sri Lanka,2024-05-11
353,Kendra,Clark,xhill@hotmail.com,(961)608-0415x402,South Shawn,Nauru,2021-02-14
354,Justin,Madden,wmiranda@mcdaniel.com,+1-920-410-8938x13170,Maciasmouth,Solomon Islands,2022-07-14
355,Barbara,King,nicole53@miller-clark.biz,922.356.3870x9094,Port Christinetown,Malawi,2025-03-31
356,Charles,Zamora,lori48@yahoo.com,292.019.3354x52402,Tinachester,Greece,2020-11-07
357,Shannon,Whitaker,johnsonlinda@gmail.com,001-083-016-3544x2455,East Jimmychester,Mauritania,2025-07-20
358,Samuel,Bailey,nfarrell@wilson.org,383.432.8269x021,East Jonathanhaven,Ethiopia,2021-07-17
359,Michael,Horn,shelly17@moore.org,0529112148,West Kayla,Lao People's Democratic Republic,2025-06-16
360,Kristi,Scott,brendarobinson@anderson-hurley.com,+1-982-828-8401x97237,Shawton,Saint Helena,2024-10-30
361,Cathy,Gordon,randyhood@york-adams.net,(434)165-2155,Lake John,French Southern Territories,2025-08-24
362,James,Hill,andrewfernandez@gibbs.info,(491)244-0454x81183,New William,Djibouti,2024-09-23
363,Kathleen,Hardin,carrollrichard@gmail.com,345.692.5592,West Michaelton,Antarctica (the territory South of 60 deg S),2024-09-18
364,Amanda,Bates,brandon65@johnson-murray.com,001-839-194-8455,Sandersborough,Thailand,2025-08-28
365,Haley,Rivera,santosanthony@acosta.info,(655)630-3878x2175,South Michaelhaven,Benin,2023-01-03
366,Brandon,Bradley,molly64@miller-wagner.biz,022.890.9379x901,North Stevenport,Lesotho,2024-04-14
367,Andrea,Osborne,jessica69@hotmail.com,368-481-9256x773,Port Colleen,Saint Barthelemy,2021-12-17
368,Brianna,Fields,william63@hotmail.com,001-511-623-1041x15425,North James,San Marino,2024-03-07
369,Micheal,Humphrey,lisa42@potter.net,(750)492-7557,Jamesbury,Romania,2025-01-26
370,Stacey,Barker,vnovak@carroll.org,(653)493-6653,Riversberg,Tunisia,2023-04-29
371,Aimee,Steele,steven70@poole.biz,362.788.4513,Johnburgh,Trinidad and Tobago,2025-05-07
372,Robert,Gutierrez,petersonsharon@hotmail.com,(005)410-4127,Wendychester,Cameroon,2021-03-01
373,Benjamin,Best,nsmith@gmail.com,(050)041-0329x93834,Port Vanessatown,Solomon Islands,2023-03-03
374,Pamela,Lynch,suttonmatthew@gmail.com,(661)344-2543x47025,Brucebury,Honduras,2023-04-27
375,Joshua,Campbell,gregkelly@mays-foster.com,001-710-567-9407x82869,East Jodiland,Djibouti,2021-07-23
376,Veronica,Whitehead,youngamanda@scott-abbott.info,162-699-2610,New Alejandro,Comoros,2025-06-30
377,Hailey,Graves,jennifer44@hotmail.com,855-100-0442x8266,East Clintonberg,South Africa,2024-02-03
378,Nancy,Davis,whitneymartin@lang.com,664-918-1755,Jacobsburgh,New Caledonia,2023-11-12
379,Keith,Hudson,gregorylewis@hotmail.com,685.660.8130x86555,Port Laurie,Bosnia and Herzegovina,2022-01-24
380,Deborah,Allen,kwells@yahoo.com,717.994.7352x9223,West Anna,Rwanda,2025-03-01
381,Michael,Dickson,rwalker@gmail.com,001-293-374-2819x6516,Buckshire,Saint Martin,2021-10-29
382,Margaret,Hunter,mstark@gmail.com,121-981-7475x04060,Caitlynberg,Jersey,2025-04-17
383,Maureen,Martin,jeremyhenry@rodriguez.biz,(991)737-7065x774,Sandraville,Albania,2024-10-25
384,Crystal,Leblanc,maria23@richardson-stanley.net,780-474-6961,Flynnchester,French Polynesia,2025-03-14
385,Riley,Ingram,markferrell@zamora-simpson.biz,354.120.5378x807,Singletonbury,Cayman Islands,2025-08-03
386,Jonathan,Osborne,reedkayla@norman-buchanan.info,672.884.9036,New Christopherborough,Seychelles,2024-02-24
387,Christian,Gonzales,christine65@gmail.com,+1-235-061-2372x92913,New Michael,Anguilla,2023-02-08
388,Norman,Lang,blackalexis@smith.com,154.645.5775,Port Joshua,Guinea-Bissau,2024-12-13
389,Samantha,Alvarez,jonesjoy@gmail.com,189.623.2146,Nicholaschester,Netherlands,2022-05-10
390,Mary,Smith,taramendoza@may.com,921.077.1726,Caitlinmouth,Mayotte,2025-02-28
391,Caleb,Johnson,ericwallace@duncan.com,772-479-4275x340,Sierramouth,Taiwan,2021-03-19
392,Dylan,Allen,dwilson@smith.com,(666)208-7534x942,New Pamela,United Arab Emirates,2025-02-03
393,Kurt,Wilson,rmcdonald@gmail.com,626.092.0234x031,West Tara,Indonesia,2021-02-16
394,Shawn,Shepherd,hcarroll@yahoo.com,157.063.7407x41538,Stevenfort,Portugal,2024-12-22
395,Jennifer,Johnson,westmonica@hotmail.com,+1-198-825-4403x91592,Kimberlyland,Ukraine,2024-02-09
396,Matthew,Chavez,ssmith@hotmail.com,509-938-2511x4941,Lake Patricia,Haiti,2024-12-30
397,Cynthia,Pratt,emoreno@gmail.com,(110)927-7242x57654,Clarkberg,Japan,2024-01-14
398,Lisa,Khan,upruitt@white.com,+1-808-552-0316x16888,Stevenshire,Bhutan,2024-10-26
399,April,Nguyen,kellymichele@yahoo.com,709-552-7394x347,Laurashire,Lithuania,2023-04-02
400,Shannon,Villanueva,jhenry@russo.net,(299)784-8210x0247,Martinezbury,Libyan Arab Jamahiriya,2024-07-27
401,Nicholas,Martinez,jonathanallen@perez-mejia.com,4502586473,East Michelle,Senegal,2024-08-07
402,Amy,Miller,patricia03@hotmail.com,+1-816-625-4679x6809,North Carlaside,Cyprus,2024-03-01
403,Tamara,Anderson,jacksonmichael@hotmail.com,(631)934-4664x70031,West Rickyland,Hungary,2020-11-13
404,Kathy,Young,jhoffman@gallagher.org,001-854-052-7301,Madisontown,Western Sahara,2024-07-13
405,Glenn,Crawford,sandersjames@parsons-williams.com,(188)751-2473,Lawrenceville,Haiti,2024-04-19
406,Sean,Erickson,martinshane@gmail.com,001-558-846-4336x006,Lake Conniefort,Zambia,2022-02-04
407,Joanna,Thomas,timothy87@gmail.com,001-636-998-5195,Kennedyside,Belgium,2023-07-30
408,Shelly,Taylor,kimfrederick@gmail.com,001-986-078-7354x173,West Nathanhaven,Bulgaria,2025-05-13
409,Katherine,Perry,craig06@cuevas-monroe.info,(241)856-9935,East Michaelchester,Antarctica (the territory South of 60 deg S),2024-04-15
410,Michelle,Tran,shelley47@hotmail.com,+1-025-503-0890,Angiechester,Indonesia,2021-07-02
411,Tamara,White,ahughes@melendez.com,001-920-208-2181x2130,Brendamouth,Tanzania,2022-03-09
412,Susan,Knight,hessjeffrey@gmail.com,324.714.3524x712,Onealchester,Reunion,2023-07-07
413,Anthony,Harris,ann82@perez-dunn.com,001-519-252-0655x29393,Scottfort,Solomon Islands,2025-05-28
414,Monica,Taylor,melissa22@holmes-duffy.com,004-158-9328x6599,Meaganmouth,Grenada,2022-06-14
415,Sheila,Lee,corymcgee@turner.info,(619)392-6006,Ashleyton,Turks and Caicos Islands,2025-06-27
416,Hector,Walters,kevin14@gmail.com,+1-625-351-5860,Audreyside,Moldova,2022-11-24
417,Joseph,Ramirez,aburns@hotmail.com,310-335-9441,Lake Xavier,Ethiopia,2021-08-04
418,Kevin,Miller,michellecraig@gonzalez.com,5519019175,East Brandonhaven,Guinea-Bissau,2021-03-12
419,Chase,Newton,wnelson@hotmail.com,449-277-7733x36779,Port Marychester,Nicaragua,2022-07-03
420,Noah,Johnson,pbell@petty-torres.net,4607271774,Lake Tonybury,Brunei Darussalam,2023-02-17
421,William,Davila,ngentry@yahoo.com,909.366.0315x8137,Lake Kimton,Latvia,2021-07-29
422,Donald,Mccall,jonesryan@yahoo.com,(163)960-4072x7965,Donaldmouth,Gambia,2023-11-24
423,Kimberly,Fry,montgomerysusan@sanchez.org,(448)655-0967,Michaelport,Saint Kitts and Nevis,2022-11-15
424,Jared,Nelson,vanessadavis@hotmail.com,001-278-115-5944x4058,New Jennybury,Korea,2023-10-25
425,Stephanie,Vazquez,mccalljames@taylor-reese.com,001-754-900-8313x111,Port Jared,Estonia,2020-09-24
426,Jacqueline,Mitchell,wdominguez@burke-hardin.com,001-424-043-2943x232,South Melissaberg,Faroe Islands,2021-03-15
427,Kimberly,Ortiz,morgan69@yahoo.com,(465)024-3484,North Sabrina,Romania,2023-07-20
428,Jessica,Andrews,josephrobles@gmail.com,+1-968-707-3019x962,Port Erikton,Guyana,2022-04-17
429,Ashley,Davis,kaitlyn86@palmer.org,8031880662,Timothyfurt,Faroe Islands,2022-12-07
430,Susan,Perez,douglasdarrell@gmail.com,(836)221-5103x32363,South Stacyside,Turkey,2021-06-19
431,Joseph,Mejia,moonmeredith@martin.org,145-983-3340,East Brian,Jamaica,2021-09-29
432,Brandon,Mitchell,patrickvalencia@collins-reid.info,878.585.6961x99499,Peterland,Macedonia,2020-11-14
433,David,Hanson,gregory81@lambert.com,9676280450,Leechester,Svalbard & Jan Mayen Islands,2021-02-27
434,Jill,Kirby,jeffrey14@yahoo.com,(302)980-5200,Craigberg,Belarus,2024-08-29
435,John,Davis,nreed@wright.com,4599865040,Bennettside,Netherlands,2025-01-21
436,Sarah,Robertson,pattersoncarla@blake.com,+1-580-674-2758x8931,Sydneyhaven,Gambia,2021-08-14
437,Kurt,Hernandez,tmeyer@hotmail.com,138-537-1578x564,Mannberg,Peru,2021-09-01
438,Sylvia,Martinez,irodriguez@gmail.com,+1-863-886-0767,Michelleton,Lebanon,2023-09-27
439,Lisa,Lee,ramirezbrittany@west-cooper.net,026.781.5112x0487,Davidtown,Tonga,2024-10-30
440,Gary,Flores,jenniferwerner@smith-navarro.com,+1-474-094-4710,South Josephhaven,Cook Islands,2024-09-07
441,Stephen,Johnson,bensonglen@gmail.com,001-100-724-0617,Davisland,Armenia,2023-11-09
442,Lauren,Fields,allenmclaughlin@johnson-payne.com,001-132-962-0789x401,Simonmouth,British Virgin Islands,2022-01-06
443,Kathleen,Rivers,samuelbrown@jimenez-shelton.biz,6083868579,West Joshuaport,Sweden,2022-10-16
444,Amy,Perez,mconway@yahoo.com,+1-119-884-3572x4506,East Lauraview,Lesotho,2025-03-16
445,Curtis,Banks,evansbarbara@hotmail.com,(076)022-7250x6288,Phillipsberg,Paraguay,2024-09-11
446,Cody,Taylor,burnettstephen@gmail.com,257-277-2646x157,East Brendan,Mozambique,2023-05-28
447,Lisa,Mitchell,kenneth80@yahoo.com,(755)746-4747x7835,Brandontown,Palau,2022-10-03
448,Colin,Cervantes,olsenperry@scott.info,(174)990-6188,Diazmouth,Netherlands Antilles,2021-03-23
449,Jennifer,Mcgee,amylowery@hotmail.com,564.929.6769x30245,South Jason,Angola,2023-11-10
450,Anne,Kramer,rivasveronica@smith.com,(670)811-6053x62424,Lake Hannah,Swaziland,2024-02-13
451,Eduardo,Palmer,carlpalmer@johnson.info,(043)798-3783,Michellefurt,Egypt,2021-02-20
452,Craig,Melendez,michelle27@yahoo.com,872-748-4500x15953,Brentstad,Costa Rica,2023-06-13
453,Suzanne,Alvarez,browncindy@yahoo.com,001-660-438-7971x724,New Williamton,Bermuda,2023-09-27
454,Edwin,Patterson,gcarroll@gmail.com,128-404-1402x4898,Julieport,Finland,2025-02-06
455,Pamela,Simmons,ycampbell@parks.biz,806-864-2309x8234,Victorside,Vietnam,2022-11-27
456,Christopher,Kirk,henrysarah@yahoo.com,(097)831-2534x2082,Shawmouth,Western Sahara,2020-12-12
457,Steven,Roberts,kcraig@wilson-montgomery.com,545-965-7521x22833,East Kennethfurt,Antigua and Barbuda,2024-04-27
458,Ashley,Larson,mlee@gmail.com,(487)034-9797,Wintersberg,Namibia,2025-02-07
459,Edward,Morris,adamschristian@meyer.net,137.882.6767x046,Davisstad,Spain,2022-06-25
460,David,Johnson,steven82@hotmail.com,902.996.5635x66929,Andrewfurt,Bulgaria,2023-10-16
461,Cynthia,Cooper,tranmichael@boyd-mitchell.com,+1-280-668-8039x728,East Christopherbury,Eritrea,2024-03-04
462,Brandon,Richard,christina58@yahoo.com,(992)307-3848x82292,Fisherville,Togo,2024-12-02
463,Reginald,Reed,mia24@yahoo.com,(697)092-6061x94468,East Dylan,Sao Tome and Principe,2022-12-08
464,Andrew,Edwards,jacob80@hotmail.com,248-026-5080,South Tristanland,Bhutan,2025-03-27
465,Frederick,Carey,jill29@yahoo.com,519.410.2517,Taylorstad,Western Sahara,2025-05-19
466,Katherine,Schneider,dalecollins@yahoo.com,547-739-3946x02466,North Aaronborough,Spain,2024-02-25
467,Mary,English,christopher42@gmail.com,314.596.1148,New Thomas,Bahamas,2025-01-15
468,Daniel,Wade,fzimmerman@turner-armstrong.org,001-361-769-3864x1501,Kimberlyside,Peru,2022-04-25
469,Shannon,Bean,thorne@gmail.com,885-145-8703x0657,West Stacy,Norway,2025-04-20
470,Tara,Morgan,joseph64@hotmail.com,(924)546-5708,Washingtonmouth,Norway,2024-08-14
471,Brendan,Shaw,amandamartin@hotmail.com,(633)054-1070x826,North James,Serbia,2024-03-30
472,Diane,Williams,marissa35@gmail.com,244-005-0802x395,North Heatherburgh,Malta,2021-06-28
473,Lonnie,Wilson,christensenmitchell@gmail.com,950.038.0162,Woodchester,Bangladesh,2021-04-25
474,Peter,Oliver,staylor@gmail.com,751-509-2405,South Cheryl,Slovenia,2024-07-27
475,Richard,Johnson,larrymunoz@gmail.com,+1-598-036-4783x32279,Elizabethburgh,Brunei Darussalam,2024-03-05
476,Danielle,Jones,gonzaleskaren@yahoo.com,8564127225,Roychester,Tuvalu,2024-02-28
477,Michael,Anderson,oliviaporter@villanueva.info,+1-407-648-6119,Gibbsborough,American Samoa,2021-05-31
478,Christine,Martin,dcox@stevenson.biz,360-237-9720x285,North Cynthiachester,Turkey,2024-11-11
479,Yolanda,George,rosalestiffany@yahoo.com,(249)410-5950x80970,Gloverport,Vietnam,2023-10-28
480,Marvin,Marshall,garrettbrianna@yahoo.com,(773)162-6112x772,East Danaberg,British Indian Ocean Territory (Chagos Archipelago),2022-01-27
481,Christopher,Diaz,festrada@johnson.org,001-096-464-3634,Domingueztown,Bahamas,2024-08-30
482,Nicholas,Fritz,dpittman@porter.com,(844)350-0416,North Sheila,Puerto Rico,2023-12-28
483,Laura,Caldwell,meghanguzman@montoya.com,4290273260,Caitlynview,Morocco,2023-10-21
484,Jason,Wood,hendrixrose@hotmail.com,001-592-615-1812x1325,Jaketon,Lebanon,2023-04-21
485,Angela,Sandoval,mariacontreras@jones-willis.com,812-836-1370,Matthewmouth,Eritrea,2025-04-28
486,Jacqueline,Moore,jasmine08@hotmail.com,001-010-677-0103x84859,New Jeremiahstad,British Virgin Islands,2021-05-16
487,Elizabeth,York,anthonysanford@smith.com,7278514665,South Katieberg,Antarctica (the territory South of 60 deg S),2025-08-03
488,Laura,Pineda,agarcia@mendez-schultz.com,(828)652-7964x6834,Williamsonton,Christmas Island,2025-03-04
489,Courtney,Martinez,qellis@yahoo.com,835.976.8397,Brianmouth,France,2024-04-22
490,Katherine,Avila,dawn22@gmail.com,389-020-0597x7949,South Justin,Guam,2022-02-01
491,Rodney,Tucker,rwalker@yahoo.com,001-944-140-4625x72259,East Maxwellside,Mongolia,2022-12-03
492,Jerry,Clarke,theresa06@stewart.net,+1-943-006-2108x11455,Cookland,Gambia,2022-06-26
493,Alexis,Mccormick,carriecarroll@goodman-moore.info,001-770-821-8099x888,Schultzstad,Netherlands Antilles,2023-07-08
494,Nancy,David,steve22@hotmail.com,107-837-7214,Lake Matthew,Swaziland,2021-10-07
495,Jasmine,Castillo,christina41@yahoo.com,+1-680-895-6667,South Jonathanton,Vanuatu,2021-04-07
496,Colin,Young,dustintorres@williams-meyer.com,001-471-983-1644,North Joshua,Central African Republic,2022-03-05
497,Kimberly,Lindsey,kristie00@hotmail.com,(358)339-7358,Sullivanville,Ukraine,2022-04-27
498,Jack,Espinoza,kathleen50@harmon-clark.com,+1-552-939-0102x759,East Guy,Myanmar,2025-06-13
499,Ashley,Stein,richardpowell@holland.com,001-730-339-7057x8719,East Kenneth,Armenia,2023-06-25
500,Mary,Mccall,john28@yahoo.com,(789)890-1586x12703,West Michaelshire,Grenada,2021-06-14
