SupplierID,SupplierName,ContactName,City,Country
1,"Lopez, Lane and Chavez",Christopher Pruitt,Christophermouth,American Samoa
2,"Knight, Olsen and Lopez",Jessica Garner,Carlville,French Polynesia
3,Perry-Meyers,Mr. Kevin Cooper,Wilsonshire,Libyan Arab Jamahiriya
4,"Scott, Nguyen and Zavala",Lee Brown,Perezhaven,Belarus
5,Hood-Smith,Thomas Mccall,Leonardfurt,Haiti
6,Shaffer Ltd,Brandon Campbell,Anthonyburgh,United States Virgin Islands
7,Daniels-Melendez,Brooke Coleman,Lake Robert,Fiji
8,Sanchez PLC,Heather Travis,South Leah,Swaziland
9,Jacobs-Harvey,Danielle Perez,Port Leah,Ireland
10,"Gomez, Reeves and Thomas",Valerie Miller,Port Jennifer,Turks and Caicos Islands
11,Hardy PLC,Robert Anderson,Port Lindseychester,Cote d'Ivoire
12,Wilson-Brown,Monica Carlson,Jacquelineborough,Solomon Islands
13,Meadows-Phillips,Craig Clark,West Nicholaston,Slovenia
14,"Woods, Simmons and Bell",Lisa Lee,Trevorchester,Equatorial Guinea
15,King Group,Teresa Stevens,East Matthew,Lithuania
16,Foster and Sons,Dean Perry,Edwardfort,Jersey
17,"Meadows, Peters and Garcia",Robert Navarro,Lunaview,Belize
18,Lam-Martinez,Kathleen Romero,West Michaelport,Georgia
19,Chambers LLC,Daniel Hendricks,Jaredside,Switzerland
20,Friedman Inc,Erica Edwards,South Georgechester,British Virgin Islands
21,Brown Group,Brandon Bennett,Evansborough,Burkina Faso
22,Sullivan PLC,John Santiago,Edwardmouth,Guinea-Bissau
23,Reed-Higgins,William Martinez,Leonshire,Faroe Islands
24,Alexander Group,Elizabeth Mcdonald,South Patricia,Kuwait
25,Cox-Mclaughlin,Robert Hines,Reyesburgh,Tajikistan
26,Lee-Daniels,Tyrone Garrett,Raymondland,Palau
27,Kennedy Group,Darren Marshall,North Melissa,Wallis and Futuna
28,"Taylor, Lewis and King",Charles Duncan,Lake Cynthiaville,Venezuela
29,Branch PLC,Ricardo Wilson,East Cherylmouth,Uganda
30,Costa-Jordan,Taylor Greene,Christinafort,Nauru
31,Phillips Inc,Colton Butler,West Daisymouth,Zimbabwe
32,Smith Inc,Gregory Hall,North Aprilfort,Serbia
33,Leon-Allen,Gregory Lewis,Lisaborough,Kyrgyz Republic
34,Wright Group,William Hardy,Port Sherri,French Southern Territories
35,Mcdonald-Ross,Kelly Ortega,Russellmouth,Guernsey
36,"Porter, Bennett and Day",Derrick Vasquez,New Ashley,Yemen
37,Anderson-Hoover,Michael Adams,Benjaminstad,Bolivia
38,Cruz Ltd,Leah Howell,West Deborah,Russian Federation
39,Wyatt Inc,Jeffrey Marshall,North Anna,China
40,Edwards-Carpenter,Mary Glover,Delgadoside,Central African Republic
41,Lambert-Horn,Mario Shepherd,West Sara,Timor-Leste
42,"Young, Atkinson and Larson",Elizabeth Miranda,Debraton,Bulgaria
43,"Smith, Thomas and Valencia",Brandon Evans II,Moonland,Tuvalu
44,Powers Ltd,Lauren Morgan,Velasquezchester,Saint Helena
45,Knight-Bird,Madison Allen,Ramirezview,Japan
46,"Nelson, Wells and Kirby",Katherine Reed,Patriciahaven,Uzbekistan
47,"Douglas, Rodriguez and Cook",William Parker,Port Heatherside,Denmark
48,Hayes-Adams,Mary Edwards,Sabrinaville,Algeria
49,Harris Group,Troy Pratt MD,Wareton,Zimbabwe
50,"Williams, Johnson and Roberts",Brooke Martinez,Atkinsonborough,Kenya
